id;user_name;code;display_name;address;create_by;mobile;email;source;note;status;create_date;modified_date
1;tremendously geez fairly;merry misdiagnose;astride drat;of boo modest;uh-huh;intrepid strong;Paris_Corkery72@gmail.com;whenever;knowledgeably xylophone valid;NEW;2024-09-20;2024-09-20
2;pish lute;intoxicate depreciate;howl;chubby mountainous whoever;apropos as likewise;frank;Bailey_Lebsack95@gmail.com;extremist;unethically;COMPLETED;2024-09-20;2024-09-19
3;while blissful;gadzooks;randomization before ruin;apt;until chapter likewise;towards confectionery patronize;Ralph83@yahoo.com;that whoa likewise;absent backcomb;APPROVED;2024-09-19;2024-09-20
4;mutter;choosing muted;for violet;playfully sup helpfully;into wherever;tray blah yowza;Jettie_Hansen@gmail.com;keel anti;unfortunately supposing bungle;APPROVED;2024-09-19;2024-09-20
5;gadzooks quicker;oh;mink trance;thwart elevation apropos;yet oh;instead mid whose;Corrine94@gmail.com;kneejerk;joyously;NEW;2024-09-19;2024-09-19
6;quizzical;roughly;swerve so;however cough separately;whoever;inside fooey;Giovani_Bayer@gmail.com;if brr;cautiously;NEW;2024-09-20;2024-09-19
7;unlike gentleman madly;ha;ick;consul if righteously;tomato on;whirlwind;Trenton.Cruickshank13@yahoo.com;sans likewise;running;APPROVED;2024-09-19;2024-09-20
8;burdensome bah provided;drop foolishly worst;uh-huh when besides;putrid likewise;fascia uselessly ratepayer;intensely huzzah quit;Wilfred.Champlin@yahoo.com;shack times onion;urgency defiantly;APPROVED;2024-09-19;2024-09-19
9;unlined ligand;at version;whose;um;um subsist;bah;Kari.Yundt@gmail.com;insinuate cumbersome;between infatuated er;NEW;2024-09-20;2024-09-19
10;which;chasm ceiling;anenst strap;livid aw gee;as clash satisfy;now;Celestino38@hotmail.com;asset;certainly however along;NEW;2024-09-19;2024-09-20
