id;user_name;full_name;mobile;email;note;create_date;modified_date
1;less times;extraneous ping or;how factorise;Clemens.Kreiger13@hotmail.com;psst;2024-09-19;2024-09-20
2;vinyl why;astride gah;given distance up;Triston34@gmail.com;including sleepily;2024-09-19;2024-09-19
3;hmph incidentally;what beanie;considering if;Mya.Smitham@yahoo.com;physiology correctly;2024-09-19;2024-09-19
4;indolent experience while;faith;fast;Darrel_Emmerich@gmail.com;curvy like yippee;2024-09-20;2024-09-20
5;deceivingly;ugh canvass gladly;regarding unwitting;Elbert_Flatley33@yahoo.com;victoriously or courthouse;2024-09-19;2024-09-19
6;dynamics hurry;wholly horrify;lambast;Ali_Effertz94@hotmail.com;heavily;2024-09-19;2024-09-19
7;overplay yahoo secretary;athletic;wherever sponsor ravel;Eloy25@gmail.com;font worth;2024-09-19;2024-09-19
8;hm blissful;slack easy;rarely;Adam.Gleichner@yahoo.com;forenenst cornet;2024-09-19;2024-09-19
9;soulful device blah;before;rightfully;Vance87@hotmail.com;figure advocate plump;2024-09-19;2024-09-19
10;loosely amongst transmission;pfft till;graduation;Pamela.OReilly62@gmail.com;gratefully heavy cookbook;2024-09-19;2024-09-19
