id;user_name;full_name;mobile;email;note;create_date;modified_date;is_lead;image_url
1;modulo oh;dental duh whose;extremely eek maintainer;Billy_Satterfield@gmail.com;jaded;2024-09-19;2024-09-20;2802;blah satisfied
2;gee;consequently how punctually;gee bill;Simone.Gulgowski-Brekke39@yahoo.com;mushy sane so;2024-09-20;2024-09-19;11989;quickly
3;gladly;immense;doubtfully;Nya_Sauer@hotmail.com;humiliating meanwhile underneath;2024-09-19;2024-09-19;21568;whether toward
4;searchingly ugh ah;ice hastily;amplify;Clay_Gislason@hotmail.com;till scientific air;2024-09-19;2024-09-19;897;slowly usually sneakers
5;overconfidently sprag waterfront;foil ack underneath;the certainly drat;Jordy_Hodkiewicz38@gmail.com;to hence;2024-09-20;2024-09-19;28396;boohoo generously cooked
6;huzzah;pro pfft distinguish;carefully;Rosella_Towne31@yahoo.com;whenever;2024-09-19;2024-09-20;6109;trachoma senior
7;archaeologist;flinch eclipse whereas;freely anenst back;Elijah.Auer@gmail.com;swiftly oxidize versus;2024-09-20;2024-09-20;31027;lovingly
8;meditate whether;while;thirsty live wooden;Ursula6@hotmail.com;likewise inquisitively;2024-09-20;2024-09-20;4191;angrily
9;renaissance the;humble on marvelous;pivot enormously;Guido_Shields@hotmail.com;promptly recommence smother;2024-09-20;2024-09-20;11976;urgently reignite
10;boohoo;adventurous er;but;Dimitri.Pouros72@hotmail.com;dump mid;2024-09-20;2024-09-20;25907;pelt till
